plot_id,basal_area,aerial_biomass_total,trunk_bark_biomass,leaf_biomass,trunk_wood_biomass,branch_wo_leaves_biomass,basal_area_dec_dominant,density_dec_dominant,aerial_carbon_total,trunk_bark_carbon,accumulated_aerial_co2,dbh,density,basal_area_species_dominant,density_species_dominant,basal_area_genus_dominant,density_genus_dominant,over_bark_volume,coords_longitude,coords_latitude,admin_region,admin_municipality,topo_altitude_asl,clim_prec_year,clim_tmin_year
P_02673,19.77,84.18,11.19,3.74,47.34,21.9,Conífera,Conífera,43.17,6.01,158.29,30.43,271.91,Pinus pinea,Pinus pinea,Pinus,Pinus,105.49,2.24,41.68,Vallès Oriental,Bigues i Riells,405.96,717.2,7.9
P_02674,21.65,97.05,12.32,4.01,55,25.73,Conífera,Conífera,49.55,6.57,181.69,30.38,298.65,Pinus pinea,Pinus pinea,Pinus,Pinus,118.72,2.27,41.68,Vallès Oriental,la Garriga,314.53,701.8,8.2
P_02241,0.68,1.15,0.19,0.09,0.48,0.4,Conífera,Conífera,0.59,0.1,2.15,8.25,127.32,Pinus halepensis,Pinus halepensis,Pinus,Pinus,1.2,2.05,41.71,Vallès Occidental,Sant Llorenç Savall,615.06,723.9,6.9
P_02249,18.5,92.77,10.06,3.32,50.7,28.69,Esclerofil·le,Esclerofil·le,45.29,4.96,166.08,18.84,663.64,Quercus ilex,Quercus ilex,Quercus,Quercus,84.3,2.14,41.71,Vallès Oriental,Sant Feliu de Codines,775.24,797.7,6.5
P_02274,25.33,106.72,13.41,3.99,56.09,33.22,Conífera,Conífera,53.36,6.95,195.65,14.17,1606.4,Pinus halepensis,Pinus halepensis,Pinus,Pinus,113.9,2.15,41.7,Vallès Oriental,Sant Feliu de Codines,583.94,741.6,7.1
P_02297,2.7,6.26,1.06,0.35,2.94,1.91,Conífera,Conífera,3.18,0.56,11.65,10.4,318.31,Pinus halepensis,Pinus halepensis,Pinus,Pinus,7.18,2.05,41.69,Vallès Occidental,Sant Llorenç Savall,537.67,701.7,7.3
P_02303,25.21,99.77,14.43,3,53.24,29.09,Conífera,Conífera,50.48,7.63,185.09,18.76,912.49,Pinus halepensis,Pinus halepensis,Pinus,Pinus,118.92,2.15,41.69,Vallès Oriental,Sant Feliu de Codines,506.23,719.4,7.4
P_02321,16.77,59.45,7.6,2.16,28.62,21.07,Conífera,Conífera,30.1,4.02,110.37,18.5,624.03,Pinus halepensis,Pinus halepensis,Pinus,Pinus,63.75,2.09,41.68,Vallès Occidental,Sant Llorenç Savall,556.86,719.8,7.2
P_02322,17.91,66.84,7.13,3.93,30.39,25.39,Esclerofil·le,Esclerofil·le,32.6,3.49,119.55,13.09,1329.83,Quercus ilex,Quercus ilex,Quercus,Quercus,51.51,2.1,41.68,Vallès Occidental,Sant Llorenç Savall,654.02,745.8,7
P_02349,10.2,30.2,3.83,1.21,13.22,11.93,Conífera,Conífera,15.3,2.03,56.11,18.94,362.31,Pinus halepensis,Pinus halepensis,Pinus,Pinus,30.1,2.05,41.67,Vallès Occidental,Sant Llorenç Savall,506.05,698.1,7.4
P_02350,10.9,36.62,4.48,2.15,17.78,12.21,Conífera,Esclerofil·le,18.7,2.39,68.57,23.53,250.69,Pinus pinea,Quercus ilex,Pinus,Quercus,39.33,2.06,41.67,Vallès Occidental,Sant Llorenç Savall,475.14,692.7,7.5
P_02354,23.52,117.86,14.5,3.3,66.77,33.29,Conífera,Esclerofil·le,59.03,7.55,216.45,18.99,830.72,Pinus halepensis,Arbutus unedo,Pinus,Arbutus,135.36,2.1,41.67,Vallès Occidental,Sant Llorenç Savall,529.96,721.8,7.3
P_02358,26.68,121.57,14.82,3.92,66.44,36.38,Conífera,Esclerofil·le,60.57,7.6,222.09,16.86,1195.01,Pinus halepensis,Arbutus unedo,Pinus,Quercus,130.66,2.13,41.67,Vallès Occidental,Gallifa,431.46,699.1,7.6
P_02413,7.44,20.04,1.02,0.6,11.58,6.84,Caducifoli,Caducifoli,9.7,0.47,35.55,19.93,238.52,Fagus sylvatica,Fagus sylvatica,Fagus,Fagus,18.71,2.39,41.8,Vallès Oriental,Montseny,1610.26,1154.5,3.7
P_02416,4.39,16.98,2.25,0.56,10.6,3.56,Caducifoli,Caducifoli,8.21,1.12,30.1,14.91,251.11,Corylus avellana,Populus tremula,Corylus,Populus,22.06,2.42,41.8,Vallès Oriental,Montseny,1045.71,981.3,5.6
P_02424,29,127.63,15.94,5.43,74.09,32.17,Conífera,Esclerofil·le,63.53,8.16,232.96,15.67,1504.26,Quercus ilex,Quercus ilex,Pinus,Quercus,143.87,2.28,41.79,Vallès Oriental,Aiguafreda,800.13,868.7,6
P_02428,23.19,89.05,9.35,5.95,41.39,32.35,Esclerofil·le,Esclerofil·le,42.56,4.39,156.06,12.49,1892.18,Quercus ilex,Quercus ilex,Quercus,Quercus,59.15,2.31,41.79,Vallès Oriental,Tagamanent,921.72,916.2,5.7
P_02431,42.88,188.27,20.68,9.74,97.27,60.57,Esclerofil·le,Esclerofil·le,89.86,9.71,329.47,14.82,2486.35,Quercus ilex,Quercus ilex,Quercus,Quercus,137.22,2.4,41.79,Vallès Oriental,Montseny,1037.4,982,5.5
P_02441,13.86,53.7,7.26,2.08,28.51,15.85,Conífera,Caducifoli,26.56,3.67,97.38,17.03,608.33,Pinus halepensis,Quercus faginea,Pinus,Quercus,54.44,2.25,41.78,Vallès Oriental,Aiguafreda,565.28,783.3,7
P_02452,25.62,146.99,16.53,5.03,88.71,36.71,Esclerofil·le,Esclerofil·le,70.01,7.76,256.71,18.73,930.17,Quercus ilex,Quercus ilex,Quercus,Quercus,121.96,2.4,41.78,Vallès Oriental,Montseny,887.94,899.1,6.3
P_02453,32.62,142.34,14.96,7.61,73.81,45.97,Esclerofil·le,Esclerofil·le,67.95,7.02,249.14,14.1,2090.23,Quercus ilex,Quercus ilex,Quercus,Quercus,103.11,2.41,41.78,Vallès Oriental,Fogars de Montclús,820.6,875.9,6.4
P_02479,22.41,106.05,12.44,5.58,56.68,31.36,Esclerofil·le,Esclerofil·le,50.6,5.84,185.52,12.83,1733.02,Quercus ilex,Quercus ilex,Quercus,Quercus,80.48,2.39,41.77,Vallès Oriental,Montseny,613.96,803.3,7.3
P_02481,33.31,189.27,20.68,6.65,114.26,47.67,Esclerofil·le,Esclerofil·le,90.16,9.71,330.58,17.93,1319.22,Quercus ilex,Quercus ilex,Quercus,Quercus,156.25,2.41,41.77,Vallès Oriental,Fogars de Montclús,902.36,885.7,6.2
P_02484,29.62,211.48,11.93,2.34,169.93,27.27,Caducifoli,Caducifoli,101.86,5.46,373.49,20.97,857.46,Fagus sylvatica,Fagus sylvatica,Fagus,Fagus,269.8,2.46,41.77,Vallès Oriental,Fogars de Montclús,1173.69,989.7,5.2
P_02486,43.95,206.33,27.35,6.76,139.16,33.07,Caducifoli,Caducifoli,99.52,13.03,364.91,13.68,2988.58,Castanea sativa,Castanea sativa,Castanea,Castanea,284.52,2.47,41.77,Vallès Oriental,Fogars de Montclús,1152.23,988.2,5.3
P_02500,17.41,82.56,8.66,3.31,45.56,25.03,Esclerofil·le,Esclerofil·le,39.37,4.07,144.35,19.98,555.27,Quercus ilex,Quercus ilex,Quercus,Quercus,62.87,2.29,41.76,Vallès Oriental,Tagamanent,717.1,843.1,6.5
P_02503,23.89,90.37,9.14,5.55,42.02,33.65,Esclerofil·le,Esclerofil·le,43.19,4.29,158.35,14.61,1425.32,Quercus ilex,Quercus ilex,Quercus,Quercus,59.56,2.36,41.76,Vallès Oriental,Montseny,924.02,916.9,6
P_02504,23.63,108.87,12.2,5.59,57.79,33.29,Esclerofil·le,Esclerofil·le,51.95,5.73,190.47,13.4,1676.43,Quercus ilex,Quercus ilex,Quercus,Quercus,81.39,2.37,41.76,Vallès Oriental,Montseny,630.41,820.8,7.1
P_02508,26.84,216.83,13.1,1.86,175.21,26.67,Caducifoli,Caducifoli,104.46,6.07,383.02,35.39,272.9,Fagus sylvatica,Fagus sylvatica,Fagus,Fagus,283.45,2.47,41.76,Vallès Oriental,Fogars de Montclús,1057.57,968.7,5.7
P_02514,6.98,29.02,3.18,1.77,13.94,10.12,Esclerofil·le,Esclerofil·le,14.11,1.55,51.73,11.15,714.43,Quercus ilex,Quercus ilex,Quercus,Quercus,23.06,2.28,41.76,Vallès Oriental,Tagamanent,690.86,817.1,6.7
P_02516,22.56,107.15,11.84,4.7,59.7,30.91,Esclerofil·le,Esclerofil·le,51.15,5.58,187.57,16.37,1071.64,Quercus ilex,Quercus ilex,Quercus,Quercus,87.48,2.36,41.75,Vallès Oriental,Montseny,649.65,850.6,6.8
P_02518,56.93,459.2,50.74,13.22,358.65,36.6,Conífera,Conífera,234.5,27,859.83,34.65,603.66,Pseudotsuga menziesii,Pseudotsuga menziesii,Pseudotsuga,Pseudotsuga,791.33,2.37,41.76,Vallès Oriental,Sant Pere de Vilamajor,760.65,860.2,6.6
P_02522,24.93,135.23,14.49,4.25,83.44,33.06,Esclerofil·le,Esclerofil·le,64.52,6.81,236.58,19.08,871.6,Quercus ilex,Quercus ilex,Quercus,Quercus,120.47,2.45,41.76,Vallès Oriental,Fogars de Montclús,976.38,921.2,6.1
P_02523,26.01,101.94,6.94,2.54,69.32,23.13,Caducifoli,Caducifoli,49.23,3.26,180.51,14.77,1518.83,Fagus sylvatica,Fagus sylvatica,Fagus,Fagus,112.57,2.47,41.76,Vallès Oriental,Fogars de Montclús,1152.88,1004.7,5.4
P_02536,17.7,80.65,8.79,3.91,43.48,24.47,Esclerofil·le,Esclerofil·le,38.5,4.12,141.17,14.82,1025.67,Quercus ilex,Quercus ilex,Quercus,Quercus,61.51,2.36,41.75,Vallès Oriental,Sant Pere de Vilamajor,1012.63,957.6,5.5
P_02539,17.05,60.94,6.77,3.79,30,20.39,Esclerofil·le,Esclerofil·le,29.29,3.29,107.41,11.94,1524.35,Quercus ilex,Quercus ilex,Quercus,Quercus,46.55,2.4,41.75,Vallès Oriental,Sant Pere de Vilamajor,521.3,791,7.6
P_02541,1.75,6.64,0.85,0.46,2.89,2.44,Esclerofil·le,Esclerofil·le,3.17,0.4,11.63,11.33,173.3,Quercus ilex,Quercus ilex,Quercus,Quercus,4.4,2.45,41.75,Vallès Oriental,Fogars de Montclús,857.63,910.9,6.4
P_02542,31.17,123.45,14.14,8.09,58.71,42.51,Esclerofil·le,Esclerofil·le,58.99,6.64,216.31,11.9,2801.13,Quercus ilex,Quercus ilex,Quercus,Quercus,85.38,2.46,41.75,Vallès Oriental,Fogars de Montclús,933.32,941,6.2
P_02556,22.02,77.73,8.11,5.97,33.09,30.55,Esclerofil·le,Esclerofil·le,37.19,3.81,136.36,11.39,2160.97,Quercus ilex,Quercus ilex,Quercus,Quercus,48.15,2.33,41.74,Vallès Oriental,Tagamanent,790.26,852.5,6.7
P_02560,3.47,13.08,2.18,0.74,7.41,2.75,Conífera,Esclerofil·le,6.62,1.14,24.28,30.62,47.11,Pinus pinaster,Quercus ilex,Pinus,Quercus,17.87,2.35,41.74,Vallès Oriental,Cànoves i Samalús,840.09,898.3,6.2
P_02564,14.81,61.63,7.22,3.21,32.57,18.64,Esclerofil·le,Esclerofil·le,29.7,3.49,108.9,12.95,1124.69,Quercus ilex,Quercus ilex,Quercus,Quercus,51.27,2.43,41.74,Vallès Oriental,Fogars de Montclús,547.58,830.2,7.5
P_02576,25.56,136.27,18.4,4.46,81.22,32.19,Esclerofil·le,Esclerofil·le,66.42,8.94,243.56,14.83,1479.08,Quercus ilex,Quercus ilex,Quercus,Quercus,138.75,2.27,41.73,Vallès Oriental,Figaró-Montmany,365.83,722.5,7.8
P_02581,27.63,136.11,14.98,5.91,75.96,39.26,Esclerofil·le,Esclerofil·le,64.9,7.03,237.98,16.31,1322.75,Quercus ilex,Quercus ilex,Quercus,Quercus,105.56,2.33,41.73,Vallès Oriental,Tagamanent,926.83,902,6.1
P_02582,23.93,101.74,12.22,6.32,49.94,33.26,Esclerofil·le,Esclerofil·le,48.58,5.73,178.14,12.04,2100.85,Quercus ilex,Quercus ilex,Quercus,Quercus,72.63,2.34,41.73,Vallès Oriental,Tagamanent,574.43,806.7,7.2
P_02586,13.78,58.89,5.97,2.92,30.42,19.58,Esclerofil·le,Esclerofil·le,28.11,2.8,103.07,17.08,601.25,Quercus ilex,Quercus ilex,Quercus,Quercus,42.24,2.36,41.73,Vallès Oriental,Sant Pere de Vilamajor,901.9,921.2,6.1
P_02591,35.28,129.53,17.89,6.9,66.95,37.78,Conífera,Esclerofil·le,64.84,9.33,237.75,16.3,1690.58,Pinus pinea,Quercus ilex,Pinus,Quercus,138.33,2.41,41.73,Vallès Oriental,Sant Esteve de Palautordera,555.36,827.3,7.6
P_02592,38.82,162.13,21.51,5.61,93.73,41.28,Esclerofil·le,Esclerofil·le,78.59,11.06,288.17,17.79,1561.27,Quercus suber,Quercus ilex,Quercus,Quercus,159.76,2.42,41.73,Vallès Oriental,Sant Esteve de Palautordera,308.77,786,8.2
P_02594,36.22,125.4,20.86,3.73,70.6,30.21,Esclerofil·le,Esclerofil·le,61.96,11.72,227.18,18.08,1411.17,Quercus suber,Quercus suber,Quercus,Quercus,150.77,2.46,41.73,Vallès Oriental,Campins,373.65,814.6,8.1
P_02603,4.34,14.19,2.3,0.88,6.24,4.76,Conífera,Esclerofil·le,6.99,1.14,25.63,11.18,442.1,Pinus halepensis,Quercus ilex,Pinus,Quercus,12.78,2.27,41.72,Vallès Oriental,Figaró-Montmany,443.38,736.4,7.7
P_02608,19.18,92.84,10.25,4.06,51.28,27.25,Esclerofil·le,Esclerofil·le,44.27,4.81,162.34,17.18,827.61,Quercus ilex,Quercus ilex,Quercus,Quercus,71.45,2.31,41.72,Vallès Oriental,Figaró-Montmany,892.47,881.8,6.3
P_02613,16.1,61.1,7.76,2.99,31.4,18.95,Conífera,Esclerofil·le,30.73,4.04,112.66,21.89,427.95,Pinus pinea,Quercus ilex,Pinus,Quercus,64.62,2.41,41.72,Vallès Oriental,Sant Esteve de Palautordera,391.48,809.7,8.1
P_02614,7.71,41.85,5.19,1.08,24.03,11.54,Conífera,Conífera,21,2.71,77.02,30.25,107.24,Pinus halepensis,Pinus halepensis,Pinus,Pinus,48.22,2.43,41.72,Vallès Oriental,Sant Esteve de Palautordera,316.27,815.2,8.2
P_02625,16.76,70.58,9.39,4.61,33.7,22.88,Esclerofil·le,Esclerofil·le,34.05,4.48,124.84,10.05,2111.03,Quercus ilex,Quercus ilex,Quercus,Quercus,55.23,2.29,41.71,Vallès Oriental,la Garriga,427.91,738.3,7.8
P_02628,16.67,60.95,6.46,3.89,27.58,23.02,Esclerofil·le,Esclerofil·le,29.63,3.14,108.66,13.96,1088.9,Quercus ilex,Quercus ilex,Quercus,Quercus,45.33,2.31,41.71,Vallès Oriental,Cànoves i Samalús,814.58,872.9,6.4
P_02631,26.48,108.48,12.22,6.85,53.08,36.34,Esclerofil·le,Esclerofil·le,52.18,5.82,191.33,12.22,2258.02,Quercus ilex,Quercus ilex,Quercus,Quercus,80.57,2.35,41.71,Vallès Oriental,Cànoves i Samalús,507.06,788.5,7.6
P_02635,33.38,190.4,23.55,5.96,115.33,45.56,Esclerofil·le,Esclerofil·le,92.52,11.54,339.24,17.24,1429.99,Quercus ilex,Quercus ilex,Quercus,Quercus,188.95,2.41,41.71,Vallès Oriental,Sant Esteve de Palautordera,320.52,814.4,8.2
P_02637,29.83,156.49,19.21,5.19,95.9,36.19,Esclerofil·le,Esclerofil·le,75.51,9.56,276.89,17.51,1239,Quercus ilex,Quercus ilex,Quercus,Quercus,150.65,2.46,41.71,Vallès Oriental,Fogars de Montclús,265.22,822.6,8.4
P_02642,0.61,2.26,0.44,0.22,0.78,0.82,Esclerofil·le,Esclerofil·le,1.08,0.21,3.96,7.8,127.32,Quercus ilex,Quercus ilex,Quercus,Quercus,1.48,2.18,41.7,Vallès Oriental,Sant Feliu de Codines,563.33,748.7,7.2
P_02648,16.4,73.35,8.6,4.25,37.65,22.86,Esclerofil·le,Esclerofil·le,35.01,4.04,128.39,12.15,1414.71,Quercus ilex,Quercus ilex,Quercus,Quercus,53.92,2.25,41.7,Vallès Oriental,Figaró-Montmany,492.42,752.3,7.5
P_02651,20.84,86.43,9.89,4.02,43.87,28.65,Conífera,Esclerofil·le,42.97,5.06,157.54,18.31,791.81,Quercus ilex,Quercus ilex,Pinus,Quercus,83.94,2.3,41.7,Vallès Oriental,Cànoves i Samalús,679.81,822.7,7
P_02654,26.12,102.01,10.34,6.46,49,36.21,Esclerofil·le,Esclerofil·le,49.05,4.92,179.85,12.8,2029.69,Quercus ilex,Quercus ilex,Quercus,Quercus,72.71,2.33,41.7,Vallès Oriental,Cànoves i Samalús,640.16,816.9,7.2
P_02655,35.54,154.23,16.81,8.53,78.99,49.9,Esclerofil·le,Esclerofil·le,73.63,7.89,269.97,13.87,2351.96,Quercus ilex,Quercus ilex,Quercus,Quercus,111.45,2.34,41.7,Vallès Oriental,Cànoves i Samalús,449.62,780.6,7.6
P_02656,24.84,147.87,17.25,4.66,91.83,34.12,Esclerofil·le,Esclerofil·le,70.58,8.13,258.81,17.64,1016.61,Quercus ilex,Quercus ilex,Quercus,Quercus,129.22,2.37,41.7,Vallès Oriental,Sant Pere de Vilamajor,402.76,795.4,7.9
P_02664,2.81,14.11,1.53,0.53,8.4,3.65,Esclerofil·le,Esclerofil·le,6.73,0.72,24.68,18.05,109.64,Quercus ilex,Quercus ilex,Quercus,Quercus,12.08,2.25,41.69,Vallès Oriental,Figaró-Montmany,436.98,742.7,7.6
P_02667,22.48,104.23,13.35,3.19,57.64,30.05,Conífera,Conífera,52.98,7.1,194.24,31.83,282.52,Pinus halepensis,Pinus halepensis,Pinus,Pinus,125.31,2.3,41.69,Vallès Oriental,Cànoves i Samalús,413.22,745.4,7.8
P_02672,16.13,74.78,9.35,2.63,41.78,21.01,Conífera,Conífera,38.16,5,139.93,36.19,156.75,Pinus pinea,Pinus pinea,Pinus,Pinus,91.05,2.23,41.68,Vallès Oriental,Bigues i Riells,343.31,698.8,8
P_02681,11.18,34.24,5.22,1.61,17.1,10.3,Esclerofil·le,Esclerofil·le,17.02,2.85,62.4,17.46,466.85,Quercus suber,Quercus suber,Quercus,Quercus,36.63,2.43,41.68,Vallès Oriental,Santa Maria de Palautordera,257.98,834.7,8.5
P_02684,19.98,120.2,13.45,3.66,73.63,29.46,Esclerofil·le,Esclerofil·le,58.14,6.51,213.18,18.76,722.63,Quercus ilex,Quercus ilex,Quercus,Quercus,118.12,2.19,41.67,Vallès Oriental,Bigues i Riells,277.96,675.6,8.1
P_02693,12.9,38.5,6.33,1.38,19.85,10.94,Esclerofil·le,Esclerofil·le,19,3.52,69.67,18.98,456.24,Quercus suber,Quercus suber,Quercus,Quercus,42.81,2.42,41.67,Vallès Oriental,Sant Antoni de Vilamajor,263.47,816.6,8.4
P_02694,13.81,68.73,7.78,3.25,38.27,19.43,Esclerofil·le,Esclerofil·le,32.77,3.65,120.17,14.19,873.58,Quercus ilex,Quercus ilex,Quercus,Quercus,53.49,2.43,41.67,Vallès Oriental,Llinars del Vallès,252.38,822.8,8.5
P_02695,41.03,206.42,32.83,6.03,124.87,42.7,Caducifoli,Caducifoli,100.56,15.81,368.73,15.86,2076.09,Quercus humilis,Quercus humilis,Quercus,Quercus,219.73,2.45,41.67,Vallès Oriental,Santa Maria de Palautordera,199.6,816.9,8.7
P_02699,42.22,124.54,18.64,3.72,66.98,35.2,Esclerofil·le,Esclerofil·le,61.69,10.64,226.19,20.46,1284.56,Quercus suber,Quercus suber,Quercus,Quercus,142.69,2.51,41.76,Vallès Oriental,Gualba,495.05,827.5,7.8
P_02700,17.76,72.24,8.88,1.46,45.09,16.81,Esclerofil·le,Esclerofil·le,35.47,5.07,130.07,29.56,258.89,Quercus suber,Quercus suber,Quercus,Quercus,83.68,2.52,41.76,Vallès Oriental,Gualba,383.77,801.1,8.2
P_02703,19.7,78.57,11.13,2.45,45.88,19.11,Esclerofil·le,Esclerofil·le,39.44,6.17,144.6,22.73,485.67,Quercus suber,Quercus suber,Quercus,Quercus,96.84,2.49,41.75,Vallès Oriental,Gualba,328.66,787.4,8.3
P_02710,21.32,80.03,14.66,4.48,41.69,19.2,Caducifoli,Esclerofil·le,38.58,6.96,141.47,10.02,2705.63,Quercus humilis,Quercus ilex,Quercus,Quercus,74.39,2.53,41.74,Vallès Oriental,Gualba,188.86,778.4,8.7
P_02717,8.65,30.44,3.89,1.2,15.81,9.54,Esclerofil·le,Esclerofil·le,15.05,2.08,55.19,17.57,356.79,Quercus suber,Quercus suber,Quercus,Quercus,31.04,2.48,41.73,Vallès Oriental,Campins,306.7,800,8.4
P_02718,6.75,19.71,3.26,1,9.85,5.6,Esclerofil·le,Esclerofil·le,9.96,1.81,36.51,19.19,233.43,Quercus suber,Quercus suber,Quercus,Quercus,23.74,2.49,41.73,Vallès Oriental,Gualba,259.89,790.1,8.5
P_02719,7.3,25.44,5.34,0.94,14.46,4.69,Caducifoli,Caducifoli,12.27,2.62,45,9.86,954.93,Platanus hispanica,Platanus hispanica,Platanus,Platanus,35.45,2.51,41.73,Vallès Oriental,Gualba,168.66,772.2,8.8
P_02732,19.86,84.46,12.02,3.24,48.21,20.98,Conífera,Esclerofil·le,42.06,6.19,154.24,18.22,761.96,Pinus pinea,Quercus ilex,Quercus,Quercus,95.16,2.48,41.72,Vallès Oriental,Campins,291.7,814.5,8.3
P_02735,24.32,89.44,16.27,4.5,50.37,18.31,Conífera,Esclerofil·le,45.43,8.81,166.57,16.58,1125.83,Pinus pinaster,Quercus suber,Pinus,Quercus,124.54,2.49,41.72,Vallès Oriental,Gualba,270.56,807.8,8.4
P_02739,17.82,80.27,19.34,2.26,49.44,9.22,Caducifoli,Caducifoli,38.7,9.08,141.9,11.09,1846.2,Quercus humilis,Quercus humilis,Quercus,Quercus,93.17,2.59,41.72,Vallès Oriental,Sant Celoni,106.17,772.7,9.4
P_02754,25.71,98.77,17.54,4.81,55.68,20.74,Conífera,Conífera,50.42,9.47,184.86,26.14,479.02,Pinus pinaster,Quercus suber,Pinus,Pinus,139.03,2.48,41.71,Vallès Oriental,Sant Celoni,232.56,807.2,8.5
P_02755,22.06,102.27,14.47,3.38,61.84,22.59,Esclerofil·le,Caducifoli,49.4,7.03,181.14,16.99,972.61,Quercus petraea,Quercus petraea,Quercus,Quercus,100.92,2.49,41.71,Vallès Oriental,Sant Celoni,214.5,800.9,8.5
P_02757,26.73,125.14,18.83,4.16,73.55,28.6,Esclerofil·le,Esclerofil·le,60.41,9.08,221.51,15.33,1448.1,Quercus humilis,Quercus ilex,Quercus,Quercus,121.89,2.52,41.71,Vallès Oriental,Gualba,172.04,783.8,8.9
P_02758,11.38,49.27,7.35,1.33,29.33,11.26,Esclerofil·le,Esclerofil·le,23.98,3.74,87.93,20.1,358.77,Quercus suber,Quercus ilex,Quercus,Quercus,52.33,2.54,41.71,Vallès Oriental,Sant Celoni,119.77,773.5,9.2
P_02759,15.61,72.13,9.05,2.89,41.54,18.65,Esclerofil·le,Esclerofil·le,34.59,4.35,126.81,15.48,829.16,Quercus ilex,Quercus ilex,Quercus,Quercus,62.98,2.55,41.71,Vallès Oriental,Sant Celoni,137.44,779.7,9.2
P_02773,42.06,187.74,26.26,8.78,105.54,47.16,Conífera,Esclerofil·le,95.06,13.77,348.55,19.41,1421.78,Pinus pinea,Quercus ilex,Pinus,Quercus,224.1,2.49,41.7,Vallès Oriental,Sant Celoni,179.25,804.3,8.4
P_02775,25.92,107.29,13.58,5,60.8,27.91,Conífera,Esclerofil·le,53.72,7.04,196.96,15.31,1408.77,Pinus pinea,Arbutus unedo,Pinus,Arbutus,120.29,2.53,41.7,Vallès Oriental,Sant Celoni,157.57,792.1,8.9
P_02777,6.59,26.64,3.27,1.25,14.02,8.1,Esclerofil·le,Esclerofil·le,12.81,1.59,46.98,15.98,328.92,Quercus ilex,Quercus ilex,Quercus,Quercus,21.72,2.55,41.7,Vallès Oriental,Sant Celoni,208.1,803.5,9
P_02778,22.4,110.66,14.2,4.08,65.65,26.74,Esclerofil·le,Esclerofil·le,53.18,6.92,194.99,15.07,1255.13,Quercus ilex,Quercus ilex,Quercus,Quercus,101.63,2.57,41.7,Vallès Oriental,Sant Celoni,185.7,805.5,9.1
P_02793,17.03,53.61,8.01,2.56,27.24,15.8,Esclerofil·le,Esclerofil·le,26.51,4.33,97.2,16.25,820.53,Quercus suber,Quercus suber,Quercus,Quercus,56.52,2.54,41.69,Vallès Oriental,Sant Celoni,202.25,814.2,8.9
P_02794,28.87,108.98,13.67,4.31,60.49,30.5,Esclerofil·le,Esclerofil·le,54.51,7.42,199.89,23.34,674.68,Pinus pinea,Pinus pinea,Quercus,Quercus,121.48,2.55,41.69,Vallès Oriental,Sant Celoni,250.33,816.7,9
P_02795,14.13,38.51,5.3,1.89,19.16,12.15,Esclerofil·le,Esclerofil·le,18.89,2.86,69.26,14.68,834.68,Quercus suber,Arbutus unedo,Quercus,Arbutus,38.08,2.57,41.69,Vallès Oriental,Sant Celoni,326.22,836.9,8.8
P_02812,18.72,58.53,8.32,1.94,31.67,16.61,Esclerofil·le,Esclerofil·le,29.22,4.69,107.13,22.69,462.89,Quercus suber,Quercus suber,Quercus,Quercus,67.66,2.54,41.68,Vallès Oriental,Sant Celoni,307.85,849.2,8.7
P_02813,15.28,72.12,6.6,1.47,48.08,15.97,Esclerofil·le,Esclerofil·le,35.03,3.65,128.44,28.83,234.13,Quercus suber,Quercus suber,Quercus,Quercus,77.84,2.55,41.68,Vallès Oriental,Sant Celoni,353.91,851.3,8.8
P_02815,14.17,73.74,8.21,2.7,44.25,18.59,Esclerofil·le,Esclerofil·le,35.36,3.94,129.67,15.61,740.74,Quercus ilex,Quercus ilex,Quercus,Quercus,64.33,2.58,41.68,Vallès Oriental,Sant Celoni,248.93,814.7,9.4
P_02816,30.78,152.58,19.35,4.87,93.61,34.75,Conífera,Esclerofil·le,76.65,10.35,281.05,25.51,601.96,Pinus pinea,Quercus ilex,Pinus,Quercus,186.09,2.59,41.68,Vallès Oriental,Sant Celoni,247.96,821,9.3
P_02826,41.5,178.62,27.09,7.02,103.56,40.96,Esclerofil·le,Esclerofil·le,86.12,13.15,315.78,13.43,2930.01,Quercus humilis,Quercus ilex,Quercus,Quercus,175.6,2.52,41.67,Vallès Oriental,Sant Celoni,260.16,834,8.8
P_02828,17.45,60.36,8.24,2.04,34,16.07,Esclerofil·le,Esclerofil·le,29.49,4.45,108.12,18.48,650.77,Quercus suber,Quercus suber,Quercus,Quercus,62.71,2.53,41.67,Vallès Oriental,Sant Celoni,429.59,870.5,8.5
P_02829,17.7,64.79,7.9,3.06,33.85,19.99,Esclerofil·le,Esclerofil·le,31.36,4.07,114.99,15.71,912.49,Quercus ilex,Quercus ilex,Quercus,Quercus,57.07,2.54,41.67,Vallès Oriental,Sant Celoni,311.19,852,8.9
P_02832,21.25,78.82,9.92,3.33,48.41,17.16,Caducifoli,Caducifoli,38.05,4.86,139.53,11.87,1920.47,Castanea sativa,Castanea sativa,Castanea,Castanea,93.29,2.58,41.68,Vallès Oriental,Sant Celoni,325.32,841.4,9.1
P_02834,15.81,65.69,7.5,3.02,35.67,19.5,Esclerofil·le,Esclerofil·le,31.55,3.69,115.69,14.13,1007.98,Quercus ilex,Quercus ilex,Quercus,Quercus,54.65,2.6,41.67,Vallès Oriental,Sant Celoni,340.64,854.9,9
P_04463,30.4,125.49,16.43,5.34,68.32,35.39,Conífera,Conífera,64.03,8.76,234.79,25.16,611.44,Pinus pinea,Pinus pinea,Pinus,Pinus,150.48,2.45,41.66,Vallès Oriental,Santa Maria de Palautordera,242.52,803.2,8.6
P_03171,0.76,1.7,0.23,0.09,0.65,0.73,Conífera,Conífera,0.86,0.12,3.16,17.4,31.83,Pinus halepensis,Pinus halepensis,Pinus,Pinus,1.57,1.91,41.66,Vallès Occidental,Rellinars,401.28,627.6,7.8
P_03182,39.03,169.71,18.88,9.35,87.65,53.83,Esclerofil·le,Esclerofil·le,81.16,8.89,297.59,13.38,2776.37,Quercus ilex,Quercus ilex,Quercus,Quercus,125.86,2.01,41.66,Vallès Occidental,Sant Llorenç Savall,961.54,831.3,5.9
P_03183,25.74,126.45,14.33,5.51,68.2,38.41,Esclerofil·le,Esclerofil·le,61.04,6.89,223.81,15.01,1454.75,Quercus ilex,Quercus ilex,Quercus,Quercus,105.07,2.03,41.66,Vallès Occidental,Sant Llorenç Savall,599.46,724.2,7.2
P_03184,35.92,162.88,22.1,4.36,89.08,47.35,Conífera,Conífera,82.43,11.69,302.24,22.37,913.62,Pinus halepensis,Pinus halepensis,Pinus,Pinus,194.79,2.04,41.66,Vallès Occidental,Sant Llorenç Savall,573.16,712.7,7.4
P_03187,19.74,94.07,12.14,3.01,52.47,26.46,Conífera,Esclerofil·le,46.82,6.25,171.69,17.66,806.39,Pinus halepensis,Quercus ilex,Pinus,Quercus,103.01,2.07,41.66,Vallès Occidental,Castellar del Vallès,538.73,721.2,7.3
P_03192,9.08,44.47,6.49,1.06,25.72,11.19,Conífera,Conífera,22.48,3.43,82.41,23.54,208.67,Pinus halepensis,Pinus halepensis,Pinus,Pinus,56.35,2.12,41.66,Vallès Oriental,Caldes de Montbui,483.64,727.5,7.3
P_03193,20.94,89.42,11.29,2.46,45.79,29.88,Conífera,Conífera,45.16,5.95,165.59,28.34,332.03,Pinus halepensis,Pinus halepensis,Pinus,Pinus,98.96,2.13,41.66,Vallès Oriental,Caldes de Montbui,662.31,777.2,6.7
P_03199,13.95,53.13,6.38,2.45,26.87,17.43,Esclerofil·le,Esclerofil·le,26.05,3.2,95.52,16.43,657.84,Pinus halepensis,Quercus ilex,Pinus,Quercus,47.9,1.93,41.65,Vallès Occidental,Rellinars,494.3,665.8,7.7
P_03205,1.16,1.79,0.43,0.46,0.26,0.64,Conífera,Conífera,0.93,0.23,3.39,7.63,254.65,Juniperus phoenicea,Juniperus phoenicea,Juniperus,Juniperus,1.54,1.99,41.65,Vallès Occidental,Matadepera,869.08,788.5,6.4
P_03207,27.27,119.34,16.3,4.13,64.63,34.28,Conífera,Conífera,59.7,8.45,218.9,15.11,1521.52,Pinus halepensis,Pinus halepensis,Pinus,Pinus,133.51,2.03,41.65,Vallès Occidental,Matadepera,564.83,722.3,7.3
P_03209,47.6,289.63,36.29,7.33,202.95,43.06,Conífera,Esclerofil·le,146.46,19.06,537.02,25.88,904.85,Pinus nigra,Quercus ilex,Pinus,Quercus,419.02,2.04,41.65,Vallès Occidental,Matadepera,485.48,699,7.6
P_03212,28.66,137.66,19.66,5.17,84.77,28.05,Esclerofil·le,Esclerofil·le,67.38,9.64,247.07,14.72,1683.51,Quercus ilex,Quercus ilex,Quercus,Quercus,152.16,2.07,41.65,Vallès Occidental,Castellar del Vallès,481.21,707.2,7.5
P_03215,31.47,172.87,19.89,4.75,100.13,48.1,Conífera,Esclerofil·le,85.44,10.05,313.26,21.31,882.5,Pinus halepensis,Quercus ilex,Pinus,Quercus,182.01,2.1,41.66,Vallès Occidental,Sentmenat,584.52,741.8,7.1
P_03224,27.08,103.6,10.8,7.06,48.4,37.33,Esclerofil·le,Esclerofil·le,49.86,5.15,182.82,11.76,2493,Quercus ilex,Quercus ilex,Quercus,Quercus,73.39,1.95,41.64,Vallès Occidental,Rellinars,710.33,745.6,7
P_03226,40.6,185.26,20.52,8.6,104.78,51.35,Esclerofil·le,Esclerofil·le,90.52,10.11,331.91,14.92,2321.96,Quercus ilex,Quercus ilex,Quercus,Quercus,178.99,1.98,41.64,Vallès Occidental,Terrassa,765.02,773.1,6.7
P_03227,34.52,156.94,18.31,6.7,81.88,50.05,Esclerofil·le,Esclerofil·le,77.31,9.23,283.45,15.36,1861.9,Quercus ilex,Quercus ilex,Quercus,Quercus,150.24,2.04,41.64,Vallès Occidental,Castellar del Vallès,524.23,711.8,7.5
P_03232,13.54,53.97,5.64,2.77,26.41,19.16,Esclerofil·le,Esclerofil·le,26.12,2.73,95.76,15.71,698.3,Quercus ilex,Quercus ilex,Quercus,Quercus,41.62,2.09,41.64,Vallès Occidental,Castellar del Vallès,549.96,723.7,7.3
P_03234,27.87,119.29,14.1,4.25,60.58,40.36,Conífera,Esclerofil·le,59.57,7.3,218.41,19.33,949.41,Pinus halepensis,Quercus ilex,Pinus,Quercus,121.45,2.1,41.65,Vallès Occidental,Castellar del Vallès,540.24,730.5,7.2
P_03242,2.5,7.58,1.27,0.36,3.43,2.52,Conífera,Caducifoli,3.82,0.65,14,13.54,173.3,Pinus halepensis,Quercus faginea,Pinus,Quercus,8.04,1.89,41.63,Vallès Occidental,Rellinars,314.17,619.4,8.7
P_03246,32.36,106.64,14.88,5.45,51.92,34.4,Conífera,Conífera,53.09,7.67,194.68,12.7,2553.55,Pinus halepensis,Pinus halepensis,Pinus,Pinus,107.36,1.94,41.64,Vallès Occidental,Rellinars,482.93,681.6,7.9
P_03247,10.7,38.06,4.66,2.2,19.02,12.19,Esclerofil·le,Esclerofil·le,18.44,2.24,67.62,12.27,905.41,Quercus ilex,Arbutus unedo,Quercus,Quercus,31.85,1.97,41.63,Vallès Occidental,Vacarisses,643.27,755.7,7
P_03250,3.63,12.03,2.1,0.82,5.75,3.36,Esclerofil·le,Esclerofil·le,5.76,0.99,21.13,9.53,509.3,Quercus ilex,Quercus ilex,Quercus,Quercus,9.84,1.99,41.64,Vallès Occidental,Matadepera,662.7,747.9,7.1
P_03251,25.28,126.91,14.46,4.11,73.01,35.33,Conífera,Esclerofil·le,63.54,7.5,232.97,23.07,604.65,Pinus halepensis,Quercus ilex,Pinus,Quercus,141.91,2,41.64,Vallès Occidental,Matadepera,633.44,745.7,7.1
P_03257,22.97,101.43,14.56,2.69,55.71,28.47,Conífera,Conífera,51.29,7.69,188.07,23.56,526.98,Pinus halepensis,Pinus halepensis,Pinus,Pinus,123.19,2.06,41.64,Vallès Occidental,Castellar del Vallès,378.43,673.5,8
P_03258,26.36,113.02,14.26,3.36,58.5,36.89,Conífera,Conífera,57.13,7.53,209.49,28.03,427.1,Pinus halepensis,Pinus halepensis,Pinus,Pinus,126.42,2.09,41.64,Vallès Occidental,Castellar del Vallès,506.86,718.6,7.4
P_03260,27.42,108.43,14.9,3.38,56.06,34.08,Conífera,Conífera,54.81,7.87,200.97,19.56,912.49,Pinus halepensis,Pinus halepensis,Pinus,Pinus,124.06,2.11,41.64,Vallès Occidental,Sentmenat,515.15,720.9,7.3
P_03266,9.41,34.48,4.11,1.41,16.4,12.55,Conífera,Esclerofil·le,17.44,2.17,63.95,21.93,249.13,Pinus halepensis,Quercus ilex,Pinus,Quercus,35.52,1.92,41.63,Vallès Occidental,Vacarisses,412.99,658.9,8.4
P_03267,13.81,57.88,7.13,1.85,30.04,18.86,Conífera,Conífera,29.13,3.74,106.83,27.18,238.1,Pinus halepensis,Pinus halepensis,Pinus,Pinus,62.73,1.93,41.63,Vallès Occidental,Rellinars,471.87,679.4,8.1
P_03270,19.33,87.09,10.84,3.19,46.35,26.71,Conífera,Esclerofil·le,43.38,5.58,159.07,16.77,874.72,Pinus halepensis,Quercus ilex,Pinus,Quercus,92.02,1.97,41.63,Vallès Occidental,Terrassa,681.11,751.4,7.2
P_03272,0.7,1.6,0.22,0.09,0.64,0.65,Conífera,Conífera,0.81,0.12,2.97,16.7,31.83,Pinus halepensis,Pinus halepensis,Pinus,Pinus,1.54,1.99,41.63,Vallès Occidental,Matadepera,686.85,763.5,7.1
P_03275,25.31,107.97,13.21,3.8,56,34.96,Conífera,Esclerofil·le,53.84,6.82,197.41,18.83,908.53,Pinus halepensis,Quercus ilex,Pinus,Quercus,111.47,2.03,41.63,Vallès Occidental,Matadepera,727.64,776.1,6.9
P_03280,22.86,124.73,16,2.88,72.29,33.57,Conífera,Conífera,62.64,8.39,229.67,25.67,441.67,Pinus halepensis,Pinus halepensis,Pinus,Pinus,148.71,2.08,41.63,Vallès Occidental,Castellar del Vallès,379.74,678.1,7.9
P_03287,4.12,13.53,1.49,0.47,5.71,5.85,Conífera,Conífera,6.85,0.79,25.13,29.16,61.68,Pinus halepensis,Pinus halepensis,Pinus,Pinus,12.64,1.94,41.62,Vallès Occidental,Vacarisses,565.38,704.9,7.9
P_03288,21.59,85.62,8.65,5.31,41.24,30.42,Esclerofil·le,Esclerofil·le,41.15,4.12,150.88,12.9,1651.67,Quercus ilex,Quercus ilex,Quercus,Quercus,61.3,1.96,41.62,Vallès Occidental,Terrassa,654.27,742.6,7.4
P_03289,1.26,3.95,0.5,0.31,1.72,1.43,Esclerofil·le,Esclerofil·le,1.94,0.25,7.12,10.03,159.15,Quercus ilex,Quercus ilex,Quercus,Quercus,3.31,1.97,41.62,Vallès Occidental,Terrassa,562.08,728.4,7.6
P_03292,11.94,56.65,6.02,1.98,30.72,17.94,Conífera,Esclerofil·le,28.31,3.12,103.8,15.81,607.9,Pinus halepensis,Quercus ilex,Pinus,Quercus,60.22,2.03,41.62,Vallès Occidental,Matadepera,555.72,728,7.5
P_03299,45.71,201.42,20.65,10.75,104.02,66,Esclerofil·le,Esclerofil·le,96.79,9.82,354.91,13.28,3299.39,Quercus ilex,Quercus ilex,Quercus,Quercus,152.97,1.93,41.61,Vallès Occidental,Vacarisses,509.12,710,8
P_03302,16.81,61.82,7.54,2.7,30.73,20.86,Esclerofil·le,Esclerofil·le,30.37,3.77,111.37,16.55,781.63,Pinus halepensis,Arbutus unedo,Pinus,Quercus,56.14,1.98,41.61,Vallès Occidental,Terrassa,545.42,724.3,7.8
P_03304,19.51,85.69,9.61,4.32,44.69,27.07,Esclerofil·le,Esclerofil·le,41.7,4.71,152.9,13.95,1276.78,Quercus ilex,Quercus ilex,Quercus,Quercus,73.44,2,41.61,Vallès Occidental,Matadepera,557.12,739.6,7.5
P_03307,40.39,224.32,30.66,6,131.13,56.53,Conífera,Esclerofil·le,112.11,15.86,411.08,18.25,1544.72,Pinus halepensis,Quercus ilex,Pinus,Quercus,265.27,2.06,41.61,Vallès Occidental,Castellar del Vallès,345.99,673.4,8.2
P_03318,19.62,86.37,9.36,3.21,43.02,30.78,Conífera,Esclerofil·le,42.99,4.81,157.64,18.99,692.36,Pinus halepensis,Quercus ilex,Pinus,Quercus,83.65,1.97,41.6,Vallès Occidental,Terrassa,533.91,724.3,7.8
P_03319,7.13,48.62,4.79,1,32.28,10.54,Esclerofil·le,Esclerofil·le,23.13,2.25,84.81,32.69,84.88,Quercus ilex,Quercus ilex,Quercus,Quercus,42.7,1.98,41.6,Vallès Occidental,Terrassa,455.9,704.9,8
P_03323,24.49,129.63,15.12,3.23,73.2,38.09,Conífera,Conífera,64.96,7.85,238.2,32.69,291.85,Pinus halepensis,Pinus halepensis,Pinus,Pinus,145.3,2.02,41.6,Vallès Occidental,Terrassa,439.52,701.3,8.1
P_03326,5.93,29.65,3.22,1.17,16.28,8.98,Conífera,Esclerofil·le,14.67,1.63,53.78,15.24,324.96,Pinus halepensis,Quercus ilex,Pinus,Quercus,29.68,2.07,41.6,Vallès Occidental,Castellar del Vallès,243.75,645,8.5
P_03335,3.78,10.49,1.38,0.57,4.58,3.96,Conífera,Conífera,5.35,0.74,19.61,22.87,91.96,Pinus halepensis,Pinus halepensis,Pinus,Pinus,10.72,1.9,41.59,Vallès Occidental,Vacarisses,314.24,651,9.3
P_03336,8.97,37.91,4.54,1.4,19.16,12.81,Conífera,Esclerofil·le,19.02,2.37,69.76,19.6,297.09,Pinus halepensis,Quercus ilex,Pinus,Quercus,39.57,1.93,41.59,Vallès Occidental,Vacarisses,375.29,673.4,8.6
P_03339,21.14,88.24,9.53,3.73,45.03,29.94,Esclerofil·le,Esclerofil·le,43.23,4.75,158.5,17.18,912.06,Quercus ilex,Quercus ilex,Quercus,Quercus,77.68,1.96,41.59,Vallès Occidental,Terrassa,419.39,701.3,8.2
P_03341,23.75,102.6,14.91,4.91,52.64,30.14,Esclerofil·le,Esclerofil·le,49.94,7.22,183.1,12.79,1849.31,Quercus ilex,Quercus ilex,Quercus,Quercus,93.36,1.98,41.59,Vallès Occidental,Terrassa,451.76,706.2,8.2
P_03343,20.64,92.43,14.11,2.86,51.39,24.07,Conífera,Caducifoli,45.85,7.07,168.11,15.23,1133.32,Pinus halepensis,Quercus humilis,Pinus,Quercus,102.82,2.05,41.59,Vallès Occidental,Terrassa,343.49,680.2,8.3
P_03346,25.72,157.2,20.58,3.04,95.36,38.23,Conífera,Conífera,79.23,10.85,290.53,29.71,370.94,Pinus halepensis,Pinus halepensis,Pinus,Pinus,199.53,2.11,41.59,Vallès Occidental,Castellar del Vallès,291.86,662.2,8.3
P_03348,15.39,79.41,9.89,2.85,45.34,21.33,Esclerofil·le,Esclerofil·le,38.78,4.87,142.2,16.17,749.37,Quercus ilex,Quercus ilex,Quercus,Quercus,77.53,2.14,41.59,Vallès Occidental,Sentmenat,260.19,668.4,8.1
P_03362,1.79,3.66,0.63,0.23,1.65,1.14,Conífera,Conífera,1.86,0.33,6.81,9.45,254.65,Pinus halepensis,Pinus halepensis,Pinus,Pinus,4.11,1.93,41.58,Vallès Occidental,Vacarisses,407.85,689,8.6
P_03366,2.73,9.93,1.57,0.31,5.3,2.75,Conífera,Caducifoli,4.93,0.8,18.09,19.45,91.96,Pinus halepensis,Populus nigra,Pinus,Populus,12.14,1.96,41.58,Vallès Occidental,Vacarisses,387.25,689.6,8.5
P_03372,3.21,21.25,2.62,0.36,13.06,5.22,Conífera,Conífera,10.72,1.38,39.3,38.01,28.29,Pinus halepensis,Pinus halepensis,Pinus,Pinus,27.05,2.08,41.58,Vallès Occidental,Sabadell,284.67,664.5,8.5
P_03373,10.72,46.15,5.52,2.04,23.33,15.25,Conífera,Esclerofil·le,22.93,2.83,84.09,14.4,657.84,Pinus halepensis,Quercus ilex,Pinus,Quercus,45.94,2.09,41.58,Vallès Occidental,Sabadell,213.8,646.7,8.7
P_03376,14.19,51.72,7.31,3.36,23.91,17.13,Esclerofil·le,Esclerofil·le,25.24,3.57,92.56,10.36,1683.51,Quercus ilex,Quercus ilex,Quercus,Quercus,44.28,2.11,41.58,Vallès Occidental,Sabadell,256.95,648.6,8.5
P_03377,21.57,119.61,15.23,3.09,69.79,31.51,Conífera,Esclerofil·le,59.76,7.9,219.12,22.57,539.15,Pinus halepensis,Quercus ilex,Pinus,Quercus,139.09,2.14,41.58,Vallès Occidental,Sentmenat,211.52,649.1,8.5
P_03383,15.37,55.42,5.97,2.51,24.31,22.64,Conífera,Esclerofil·le,27.69,3.09,101.52,17.91,609.88,Pinus halepensis,Quercus ilex,Pinus,Quercus,49.4,1.93,41.57,Vallès Occidental,Viladecavalls,452.49,722.4,8.3
P_03384,20.88,74.7,10.38,2.85,37.21,24.27,Conífera,Conífera,37.93,5.5,139.08,23.34,488.08,Pinus halepensis,Pinus halepensis,Pinus,Pinus,84.52,1.94,41.57,Vallès Occidental,Viladecavalls,425.37,705.3,8.4
P_03386,22.3,101.32,14.3,3.56,56.31,27.16,Conífera,Esclerofil·le,50.55,7.38,185.37,15.1,1246.08,Pinus halepensis,Quercus ilex,Pinus,Quercus,114.85,1.97,41.57,Vallès Occidental,Viladecavalls,333.97,676.4,8.7
P_03389,9.18,70.36,7.28,1,46.51,15.58,Conífera,Esclerofil·le,34.45,3.65,126.31,42.74,63.94,Pinus halepensis,Quercus ilex,Pinus,Quercus,78.04,2.06,41.57,Vallès Occidental,Sabadell,273.35,677.8,8.5
P_03401,21.02,110.79,13.11,3.12,64.07,30.49,Conífera,Esclerofil·le,54.52,6.54,199.91,22.01,552.44,Pinus halepensis,Quercus ilex,Quercus,Quercus,114.03,2.06,41.56,Vallès Occidental,Sabadell,259.58,680.6,8.6
P_03403,31.41,169.25,20.93,3.72,97.31,47.29,Conífera,Esclerofil·le,85.37,11.06,313.03,23.6,718.25,Pinus halepensis,Ceratonia siliqua,Pinus,Ceratonia,204.51,1.93,41.55,Vallès Occidental,Viladecavalls,260.41,666,9.1
P_03414,12.42,67.63,8.32,1.49,39.87,17.95,Conífera,Conífera,33.57,4.23,123.08,26.67,222.39,Pinus halepensis,Pinus halepensis,Pinus,Pinus,74.76,1.96,41.55,Vallès Occidental,Viladecavalls,245.35,683.1,9
P_03417,8.3,33.71,4.86,0.98,18,9.87,Conífera,Conífera,17.05,2.57,62.53,23.75,187.45,Pinus halepensis,Pinus halepensis,Pinus,Pinus,40.17,1.98,41.55,Vallès Occidental,Terrassa,321.06,694.5,8.7
P_03424,22.21,94.82,12.94,3.48,51.63,26.77,Conífera,Conífera,48.32,6.9,177.16,26.16,413.38,Pinus pinea,Pinus pinea,Pinus,Pinus,115.23,2,41.54,Vallès Occidental,Terrassa,313.6,693.6,8.7
P_03426,0.9,3.51,0.49,0.09,2.01,0.92,Caducifoli,Caducifoli,1.7,0.23,6.23,28.4,14.15,Quercus humilis,Quercus humilis,Quercus,Quercus,3.32,2.02,41.54,Vallès Occidental,Terrassa,244.59,675.2,8.9
P_03428,16.64,62.16,10.93,2.22,34.52,14.49,Conífera,Conífera,31.39,5.74,115.11,12.83,1287.39,Pinus halepensis,Pinus halepensis,Pinus,Pinus,79.61,2.02,41.53,Vallès Occidental,Rubí,271.38,682,8.8
P_03437,21.58,114.65,16.61,2.51,67.9,27.63,Conífera,Conífera,57.92,8.78,212.39,25.4,425.97,Pinus halepensis,Pinus halepensis,Pinus,Pinus,147.54,2.05,41.52,Vallès Occidental,Sant Quirze del Vallès,256.52,647.1,8.7
P_03441,29.84,176.23,23.45,3.47,106.3,43.01,Conífera,Conífera,88.99,12.4,326.31,29.81,427.53,Pinus halepensis,Pinus halepensis,Pinus,Pinus,225.34,1.99,41.51,Vallès Occidental,Rubí,177.54,679.7,9.3
P_03442,23.15,118.61,15.66,3.6,71.4,27.96,Conífera,Conífera,59.21,8,217.12,19.94,741.03,Pinus halepensis,Quercus humilis,Pinus,Quercus,138.21,2.05,41.51,Vallès Occidental,Rubí,203.59,619.6,9
P_03446,19.91,108.8,14.24,3.42,65.17,25.97,Esclerofil·le,Esclerofil·le,53.14,7.04,194.86,17.62,817,Quercus ilex,Quercus ilex,Quercus,Quercus,112.51,2.21,41.66,Vallès Oriental,Bigues i Riells,272.78,678.2,8.2
P_03447,5.13,28.34,3.59,0.64,18.69,5.43,Caducifoli,Caducifoli,14.18,1.88,51.98,23.35,119.83,Populus x canadensis,Populus x canadensis,Pinus,Populus,38.62,2.22,41.66,Vallès Oriental,Bigues i Riells,198.94,664.6,8.4
P_03453,33.01,187.01,23.96,5.2,110.8,47.06,Conífera,Esclerofil·le,92.97,12.25,340.88,17.9,1311.3,Pinus halepensis,Quercus ilex,Pinus,Quercus,213.2,2.35,41.67,Vallès Oriental,Cardedeu,289.21,736.6,8.3
P_03455,5.47,31.37,3.91,0.94,19.38,7.13,Esclerofil·le,Esclerofil·le,15.02,1.84,55.08,19.47,183.91,Quercus ilex,Quercus ilex,Quercus,Quercus,28.45,2.28,41.66,Vallès Oriental,les Franqueses del Vallès,206.98,676.3,8.7
P_03457,11.31,57.8,6.44,2.28,33.19,15.89,Esclerofil·le,Esclerofil·le,28.01,3.14,102.69,17.24,484.54,Quercus ilex,Quercus ilex,Quercus,Quercus,52.07,2.39,41.66,Vallès Oriental,Sant Antoni de Vilamajor,256.69,759.8,8.1
P_03460,6.91,35.89,3.45,0.85,20.18,11.41,Conífera,Esclerofil·le,17.99,1.82,65.98,26.96,120.96,Pinus halepensis,Olea europaea,Pinus,Olea,40.01,2.15,41.65,Vallès Oriental,Caldes de Montbui,346.01,695,7.6
P_03461,41.4,235.43,31.24,5.24,139.76,59.19,Conífera,Caducifoli,118.13,16.18,433.13,19.6,1371.7,Pinus halepensis,Quercus humilis,Pinus,Quercus,286.9,2.17,41.65,Vallès Oriental,Caldes de Montbui,311.39,692.8,7.7
P_03466,15.29,88.42,11.37,3.27,53.56,20.22,Esclerofil·le,Esclerofil·le,42.22,5.34,154.81,15.16,846.85,Quercus ilex,Quercus ilex,Quercus,Quercus,77.38,2.28,41.65,Vallès Oriental,les Franqueses del Vallès,194.57,673.7,8.8
P_03467,18.87,94.19,11.92,2.76,52.62,26.89,Conífera,Esclerofil·le,47.03,6.17,172.43,21.22,533.63,Pinus halepensis,Quercus ilex,Pinus,Quercus,105.06,2.33,41.65,Vallès Oriental,les Franqueses del Vallès,259.71,710.8,8.5
P_03468,28.22,162.67,21.58,4.07,104.75,32.27,Esclerofil·le,Esclerofil·le,78.47,10.51,287.74,18.15,1090.88,Quercus humilis,Quercus ilex,Quercus,Quercus,165.81,2.45,41.65,Vallès Oriental,Vilalba Sasserra,269.76,804.7,8.5
P_03471,12.56,55.62,6.15,2.74,30.64,16.09,Esclerofil·le,Esclerofil·le,26.66,2.92,97.76,13.05,938.8,Quercus ilex,Quercus ilex,Quercus,Quercus,47.99,2.21,41.64,Vallès Oriental,Santa Eulàlia de Ronçana,218.87,683.9,8.1
P_03476,4.67,19.17,2.51,0.78,10.66,5.23,Esclerofil·le,Esclerofil·le,9.22,1.21,33.81,16.47,219.28,Quercus ilex,Quercus ilex,Quercus,Quercus,17.04,2.47,41.64,Vallès Oriental,Vilalba Sasserra,410.76,853.8,8.6
P_03481,35.41,169.61,19.91,7.16,94.79,47.75,Esclerofil·le,Esclerofil·le,83.56,10.03,306.4,17.36,1495.63,Quercus ilex,Quercus ilex,Quercus,Quercus,168.69,2.41,41.63,Vallès Oriental,Llinars del Vallès,338.73,777,7.4
P_03487,27.24,116.45,14.17,5.28,64.77,32.24,Conífera,Esclerofil·le,59.25,7.5,217.24,18.2,1047.45,Pinus pinea,Arbutus unedo,Pinus,Arbutus,137.27,2.47,41.63,Vallès Oriental,Vilalba Sasserra,627.45,903.4,8
P_03490,22,137.18,16.01,3.5,84.47,33.19,Esclerofil·le,Esclerofil·le,67.48,8.07,247.41,22.36,560.37,Quercus ilex,Quercus ilex,Quercus,Quercus,148.96,2.25,41.62,Vallès Oriental,Canovelles,166.39,663.2,9
P_03493,36.53,195.08,24.18,5.38,111.71,53.81,Conífera,Esclerofil·le,97.57,12.53,357.75,21.19,1036.13,Pinus halepensis,Quercus ilex,Pinus,Quercus,222.68,2.37,41.62,Vallès Oriental,Llinars del Vallès,227.83,712.7,8.3
P_03501,30.05,199.97,22.81,4.42,124.95,47.79,Conífera,Esclerofil·le,99.32,11.62,364.19,20.66,896.64,Pinus halepensis,Quercus ilex,Pinus,Quercus,232.38,2.19,41.61,Vallès Oriental,Lliçà d'Amunt,188.56,683.3,7.9
P_03503,20.44,118.77,15.81,3.19,74.44,25.33,Conífera,Caducifoli,59.72,8.16,218.97,19.89,657.7,Pinus pinea,Quercus humilis,Pinus,Quercus,150.6,2.21,41.61,Vallès Oriental,Lliçà d'Amunt,186.95,681.1,8.2
P_03505,24.46,120.03,15.61,5.07,69.74,29.61,Conífera,Esclerofil·le,60.31,8.1,221.13,18.79,881.79,Pinus pinea,Quercus ilex,Pinus,Quercus,138.78,2.36,41.61,Vallès Oriental,la Roca del Vallès,215.16,690.2,8.6
P_03508,20.83,76.47,10.23,3.95,40.19,22.1,Conífera,Conífera,39.28,5.5,144.02,29.88,297.09,Pinus pinea,Pinus pinea,Pinus,Pinus,91.86,2.4,41.61,Vallès Oriental,Llinars del Vallès,292.96,715.7,8.1
P_03518,16.29,85.26,10.54,3.06,51.82,19.83,Conífera,Esclerofil·le,42.98,5.51,157.6,29.47,238.8,Pinus pinea,Quercus ilex,Pinus,Quercus,103.66,2.36,41.6,Vallès Oriental,la Roca del Vallès,224.75,689.4,8.6
P_03539,17.01,97.2,11.04,2.94,59.52,23.7,Conífera,Esclerofil·le,48.49,5.62,177.78,24.82,351.56,Pinus pinea,Quercus ilex,Pinus,Quercus,110.1,2.22,41.58,Vallès Oriental,Lliçà de Vall,129.99,656.9,9
P_03549,8.68,46.01,6.22,1.04,27.68,11.07,Conífera,Caducifoli,22.77,3.1,83.49,24.18,189.01,Pinus halepensis,Quercus humilis,Quercus,Quercus,52.32,2.19,41.57,Vallès Occidental,Palau-solità i Plegamans,147.53,646.7,8.9
P_03551,20.66,122.09,13.66,3.51,76.96,27.95,Conífera,Esclerofil·le,60.58,6.96,222.13,29.58,300.48,Pinus pinea,Quercus ilex,Pinus,Quercus,135.65,2.33,41.57,Vallès Oriental,la Roca del Vallès,153.84,656.6,9.3
P_03552,17.5,80.84,9.9,4.19,44.03,22.72,Esclerofil·le,Esclerofil·le,39.02,4.74,143.07,12.29,1474.41,Quercus ilex,Quercus ilex,Quercus,Quercus,68.91,2.34,41.58,Vallès Oriental,la Roca del Vallès,276.01,688.9,8.9
P_03560,29.51,190.44,22.17,5.12,120.46,42.68,Conífera,Esclerofil·le,94.76,11.28,347.44,18.95,1046.32,Pinus halepensis,Quercus ilex,Pinus,Quercus,224.02,2.31,41.57,Vallès Oriental,la Roca del Vallès,137.97,650.5,9.4
P_03562,24.39,98.21,14.04,4.16,53.7,26.32,Conífera,Conífera,50.22,7.5,184.13,25.32,484.54,Pinus pinea,Pinus pinea,Pinus,Pinus,122.35,2.33,41.57,Vallès Oriental,la Roca del Vallès,245.07,682.3,9
P_03566,22.94,85.92,11.44,4.38,45.53,24.58,Conífera,Conífera,44,6.12,161.34,21.85,611.86,Pinus pinea,Pinus pinea,Pinus,Pinus,102.66,2.33,41.56,Vallès Oriental,Vilanova del Vallès,225.74,667.9,9.2
P_03570,32.31,135,16.23,6.1,71.56,41.11,Conífera,Esclerofil·le,66.88,8.26,245.23,19.42,1090.88,Quercus ilex,Quercus ilex,Pinus,Quercus,133.38,2.3,41.55,Vallès Oriental,Vilanova del Vallès,192.75,656.5,9.3
P_03576,13.49,55.47,7.45,3.03,29.06,15.92,Esclerofil·le,Esclerofil·le,27.01,3.62,99.02,12.28,1138.42,Quercus ilex,Quercus ilex,Quercus,Quercus,50.03,2.24,41.54,Vallès Oriental,Montornès del Vallès,75.21,644.8,9.7
P_03580,36.26,183.01,22.8,6.49,102.75,50.96,Conífera,Esclerofil·le,91.17,11.71,334.3,17.51,1505.82,Pinus halepensis,Quercus ilex,Pinus,Quercus,199.89,2.32,41.54,Vallès Oriental,Vilanova del Vallès,244.43,665.8,9.3
P_03592,22.27,97.2,10.91,5.01,51.24,30.04,Esclerofil·le,Esclerofil·le,46.87,5.22,171.85,14.77,1299.55,Quercus ilex,Quercus ilex,Quercus,Quercus,78.33,2.27,41.52,Vallès Oriental,Santa Maria de Martorelles,283.77,684.6,9.3
P_03598,6.94,26.83,3.18,1.48,13.83,8.34,Esclerofil·le,Esclerofil·le,12.85,1.5,47.1,13.4,491.61,Quercus ilex,Quercus ilex,Quercus,Quercus,20.61,2.25,41.51,Vallès Oriental,Sant Fost de Campsentelles,365.95,705.8,9.2
P_03599,24.52,102.81,11.65,5.57,52.95,32.64,Esclerofil·le,Esclerofil·le,49.93,5.66,183.06,14.77,1431.97,Quercus ilex,Quercus ilex,Quercus,Quercus,85.01,2.27,41.51,Vallès Oriental,Santa Maria de Martorelles,426.54,715.7,9
P_03610,19.36,77.19,10.61,3.17,42.85,20.56,Esclerofil·le,Esclerofil·le,37.6,5.57,137.88,15.76,991.85,Quercus suber,Quercus ilex,Quercus,Quercus,78.04,2.49,41.67,Vallès Oriental,Sant Celoni,268.09,826.6,8.9
P_03611,17.29,71.42,9.05,1.81,44.33,16.22,Esclerofil·le,Esclerofil·le,34.8,4.87,127.59,19.14,600.83,Quercus suber,Quercus suber,Quercus,Quercus,77.56,2.51,41.67,Vallès Oriental,Sant Celoni,277.97,830.5,9
P_03615,19.63,98.11,12.76,3.2,60.05,22.1,Esclerofil·le,Esclerofil·le,47.91,6.25,175.66,18.18,756.02,Quercus petraea,Quercus ilex,Quercus,Quercus,101.1,2.55,41.67,Vallès Oriental,Sant Celoni,534.74,904.2,8.7
P_03616,27.93,158.25,19.93,3.76,101.05,33.51,Caducifoli,Esclerofil·le,76.25,9.37,279.57,20.73,827.18,Quercus petraea,Quercus petraea,Quercus,Quercus,155.05,2.57,41.67,Vallès Oriental,Sant Celoni,578.18,935.3,8.3
P_03618,18.43,126.37,15.37,1.77,92.69,16.54,Caducifoli,Caducifoli,61.08,7.71,223.97,25.65,356.79,Platanus hispanica,Platanus hispanica,Platanus,Platanus,184.39,2.59,41.67,Vallès Oriental,Sant Celoni,423.57,873.7,8.9
P_03634,5.55,15.02,2.16,0.79,7.05,5.02,Conífera,Esclerofil·le,7.65,1.19,28.04,21.56,152.08,Pinus pinea,Quercus suber,Pinus,Quercus,16.82,2.52,41.66,Vallès Oriental,Sant Celoni,380.29,856.5,9.4
P_03650,13.14,52.82,6.85,2.05,30.32,13.59,Esclerofil·le,Esclerofil·le,25.6,3.49,93.88,14.8,763.52,Quercus suber,Quercus ilex,Quercus,Quercus,51.43,2.48,41.65,Vallès Oriental,Vallgorguina,274.34,820,9.3
P_03651,28.86,157.05,22.97,4.42,107.73,21.93,Caducifoli,Caducifoli,77.27,11.67,283.32,23.29,677.08,Alnus glutinosa,Alnus glutinosa,Alnus,Alnus,235.98,2.53,41.65,Vallès Oriental,Vallgorguina,259.21,825.3,10.5
P_03684,5.45,26.49,3.33,0.77,16.32,6.07,Esclerofil·le,Esclerofil·le,12.81,1.74,46.98,21.11,155.62,Quercus suber,Quercus ilex,Quercus,Quercus,26.94,2.49,41.63,Vallès Oriental,Vallgorguina,355.18,839,9.7
P_03685,28.38,117.96,14.61,4.34,67.75,31.26,Esclerofil·le,Esclerofil·le,57.54,7.65,210.98,17.25,1213.82,Quercus suber,Quercus ilex,Quercus,Quercus,117.31,2.51,41.63,Vallès Oriental,Vallgorguina,339.37,828.7,10.4
P_03865,40.92,242.33,26.32,6.67,145.64,63.69,Conífera,Esclerofil·le,120,13.39,440.01,19.05,1435.79,Pinus halepensis,Quercus ilex,Pinus,Quercus,265.68,2.09,41.49,Vallès Occidental,Cerdanyola del Vallès,145.4,564.7,9.4
P_03873,27.01,160.62,20,4.01,98.46,38.13,Conífera,Esclerofil·le,79.66,10.19,292.07,19.69,886.46,Pinus halepensis,Quercus ilex,Pinus,Quercus,185.57,2.14,41.47,Vallès Occidental,Cerdanyola del Vallès,121.3,584.3,10.3
P_03877,28.98,121.88,17.4,5.32,67.78,31.38,Esclerofil·le,Esclerofil·le,59.33,8.46,217.56,12.54,2346.44,Quercus ilex,Quercus ilex,Quercus,Quercus,119.05,2.13,41.47,Vallès Occidental,Cerdanyola del Vallès,144.82,594.3,10.6
P_03883,9.4,31.56,4.61,1.97,14.81,10.18,Esclerofil·le,Esclerofil·le,15.44,2.26,56.63,10.69,1046.89,Quercus ilex,Quercus ilex,Quercus,Quercus,28.42,2.03,41.46,Vallès Occidental,Sant Cugat del Vallès,223.64,682.8,9.9
P_03887,17.22,89.53,12.15,2.13,51.44,23.81,Conífera,Conífera,45.2,6.4,165.75,27.49,290.02,Pinus halepensis,Pinus halepensis,Pinus,Pinus,110.13,2.1,41.46,Vallès Occidental,Sant Cugat del Vallès,196.39,625.4,10.6
P_03900,20.83,115.34,13.44,3.83,68.81,29.26,Conífera,Esclerofil·le,57.04,6.76,209.15,15.62,1086.5,Quercus ilex,Quercus ilex,Quercus,Quercus,125.04,2.03,41.45,Vallès Occidental,Sant Cugat del Vallès,203.81,691.1,9.9
P_03904,34.33,166.44,24.33,5.13,95.82,41.15,Conífera,Caducifoli,82.62,12.26,302.94,14.95,1954.56,Pinus halepensis,Quercus humilis,Pinus,Quercus,191.02,2.07,41.45,Vallès Occidental,Sant Cugat del Vallès,195.13,658.3,10.4
P_03906,20.26,102.71,13.17,3.12,58.54,27.88,Conífera,Esclerofil·le,50.86,6.7,186.49,18.77,732.11,Pinus halepensis,Quercus ilex,Pinus,Quercus,111.03,2.1,41.45,Vallès Occidental,Sant Cugat del Vallès,223.7,649.7,10.7
P_03927,19.79,80.46,10.65,2.8,41.71,25.3,Conífera,Esclerofil·le,40.22,5.49,147.46,18.2,760.41,Pinus halepensis,Pinus halepensis,Pinus,Quercus,86.22,2.1,41.44,Vallès Occidental,Sant Cugat del Vallès,310,681.3,10.6
P_04046,1.83,4.53,1.36,0.24,2.13,0.79,Caducifoli,Caducifoli,2.18,0.64,7.98,9.58,254.65,Quercus humilis,Quercus humilis,Quercus,Quercus,4.85,2.23,41.49,Vallès Oriental,Sant Fost de Campsentelles,439.08,735.9,9.1
P_04052,1.02,3.27,0.42,0.19,1.57,1.08,Conífera,Conífera,1.68,0.23,6.15,30.3,14.15,Pinus pinea,Pinus pinea,Pinus,Pinus,3.64,2.21,41.48,Vallès Occidental,Montcada i Reixac,229.42,635.1,10
P_04057,13.31,57.65,7.84,1.72,31.05,17.03,Conífera,Caducifoli,28.63,3.96,104.98,21.89,353.68,Pinus halepensis,Quercus humilis,Pinus,Quercus,61.14,2.15,41.47,Vallès Occidental,Cerdanyola del Vallès,151.97,578.6,10.8
P_04059,22.8,106.47,15.05,2.88,60.23,28.32,Conífera,Conífera,53.85,7.95,197.47,24.09,500.24,Pinus halepensis,Pinus halepensis,Pinus,Pinus,132.53,2.15,41.46,Vallès Occidental,Cerdanyola del Vallès,191.32,609.2,10.9
P_04060,33.94,201.15,25.81,4.5,120.51,50.33,Conífera,Esclerofil·le,101.17,13.55,370.94,21.48,936.4,Pinus halepensis,Quercus ilex,Pinus,Quercus,249.11,2.16,41.46,Vallès Occidental,Montcada i Reixac,224.81,601.7,10.9
P_04228,5.08,20.7,2.21,1.32,10.87,6.29,Esclerofil·le,Esclerofil·le,10.01,1.07,36.71,11.91,456.24,Quercus ilex,Quercus ilex,Quercus,Quercus,17.72,2.41,41.76,Vallès Oriental,Fogars de Montclús,600.73,810.5,7.2
P_04231,38.9,257.39,31.93,7.12,170.61,47.74,Esclerofil·le,Esclerofil·le,124.09,15.42,454.98,19.19,1344.68,Quercus ilex,Quercus ilex,Quercus,Quercus,266.75,2.45,41.72,Vallès Oriental,Fogars de Montclús,314.63,818.4,8.2
P_04233,31.4,180.81,23.26,4.18,108.53,44.84,Conífera,Conífera,90.65,12.15,332.4,23.21,742.3,Pinus halepensis,Pinus halepensis,Pinus,Pinus,220.24,2.35,41.69,Vallès Oriental,Cànoves i Samalús,383.09,759.9,8
P_04270,17.62,86.58,11.65,2.85,50.15,21.94,Conífera,Conífera,44.12,6.22,161.79,27.76,291.15,Pinus pinea,Pinus pinea,Pinus,Pinus,109.99,2.09,41.51,Vallès Occidental,Cerdanyola del Vallès,197.49,591.1,8.7
P_04271,23.27,133.56,16.52,3.64,82.72,30.68,Esclerofil·le,Esclerofil·le,65.15,8.05,238.88,15.9,1171.8,Quercus ilex,Quercus ilex,Quercus,Quercus,138.71,2.06,41.5,Vallès Occidental,Sant Cugat del Vallès,197.7,596.1,9.1
P_04272,7.75,42.11,5,1.39,25.88,9.84,Esclerofil·le,Esclerofil·le,20.43,2.43,74.9,19.1,270.35,Quercus ilex,Quercus ilex,Quercus,Quercus,41.43,2.18,41.66,Vallès Oriental,Bigues i Riells,458.35,737.5,7.3
P_04425,23.45,66.38,4.74,2.68,38.48,20.47,Caducifoli,Caducifoli,32.1,2.24,117.68,11.5,2256.46,Fagus sylvatica,Fagus sylvatica,Fagus,Fagus,63.53,2.35,41.76,Vallès Oriental,Montseny,1099.52,952.1,5.5
P_04434,10.01,38.35,5.67,1.2,20.44,11.04,Conífera,Conífera,19.41,2.99,71.16,17.51,415.36,Pinus halepensis,Pinus halepensis,Pinus,Pinus,45.94,1.99,41.46,Vallès Occidental,Castellbisbal,81.15,675.5,10.1
P_04437,10.4,56.76,6.4,1.49,32.86,16.02,Conífera,Esclerofil·le,27.96,3.23,102.53,25.44,204.71,Pinus halepensis,Quercus ilex,Pinus,Quercus,57.83,2.11,41.63,Vallès Occidental,Sentmenat,331.92,678.2,7.9
P_04438,34.82,206.44,23.8,5.42,122.31,54.91,Conífera,Esclerofil·le,102.42,12.15,375.55,19.49,1167.42,Pinus halepensis,Quercus ilex,Pinus,Quercus,227.61,2.11,41.68,Vallès Occidental,Gallifa,464.23,702.8,7.5
P_04450,3.77,8.18,1.72,0.67,3.45,2.34,Conífera,Conífera,4.07,0.85,14.93,10.38,445.63,Pinus pinea,Pinus pinea,Pinus,Pinus,8.2,2.2,41.48,Vallès Occidental,Montcada i Reixac,70.17,581.2,10.5
P_04452,4.81,17.05,3.04,1.12,7.97,4.92,Esclerofil·le,Esclerofil·le,8.16,1.43,29.93,10.64,541.13,Quercus ilex,Quercus ilex,Quercus,Quercus,13.68,2.22,41.49,Vallès Occidental,Montcada i Reixac,265.44,693,9.4
P_04453,3.02,9.54,1.44,0.69,4.49,2.92,Esclerofil·le,Esclerofil·le,4.59,0.68,16.83,9.29,445.63,Arbutus unedo,Arbutus unedo,Quercus,Arbutus,7.75,2.22,41.5,Vallès Oriental,Sant Fost de Campsentelles,250.4,674.3,9.5
P_04455,10.1,34.81,4.77,1.57,17.01,11.46,Conífera,Conífera,17.71,2.54,64.95,16.76,457.8,Pinus halepensis,Pinus pinea,Pinus,Pinus,38.96,1.96,41.54,Vallès Occidental,Ullastrell,212.39,666.9,9.3
P_04457,7.82,27.65,3.92,1.49,14.25,7.99,Conífera,Caducifoli,14,2.04,51.35,16.7,357.21,Pinus pinea,Quercus humilis,Pinus,Quercus,30.95,2.34,41.57,Vallès Oriental,la Roca del Vallès,313.66,700.8,8.8
P_04462,22.24,190.92,24.19,2.1,139.49,25.14,Caducifoli,Caducifoli,92.01,11.83,337.36,38.06,195.51,Populus nigra,Populus nigra,Populus,Populus,263.65,2.24,41.64,Vallès Oriental,Santa Eulàlia de Ronçana,145.68,657.9,8.9
P_04464,27.26,155.21,16.94,5.42,94.74,38.11,Conífera,Esclerofil·le,77.91,8.79,285.66,19.3,931.59,Pinus pinea,Quercus ilex,Pinus,Quercus,181.25,2.34,41.66,Vallès Oriental,les Franqueses del Vallès,267.14,722.3,8.4
P_04468,19.99,81.8,8.32,4.69,43.74,25.05,Esclerofil·le,Esclerofil·le,39.49,3.97,144.8,13.35,1426.88,Quercus ilex,Quercus ilex,Quercus,Quercus,67.17,2.35,41.75,Vallès Oriental,Tagamanent,1181.15,992.7,5.1
P_04505,1.38,5.17,0.93,0.13,3.43,0.68,Caducifoli,Caducifoli,2.57,0.52,9.41,24.9,28.29,Ulmus minor,Ulmus minor,Ulmus,Ulmus,7.08,2.52,41.7,Vallès Oriental,Sant Celoni,108.77,779.2,8.9
P_04506,23.76,137.79,16.99,2.4,94.57,23.83,Caducifoli,Caducifoli,66.27,8.23,243,25.04,482.56,Alnus glutinosa,Quercus faginea,Alnus,Quercus,178.77,2.58,41.69,Vallès Oriental,Sant Celoni,141.13,791.1,9.4
P_04543,16.05,112.19,11.87,1.76,69.35,29.21,Conífera,Conífera,56.54,6.27,207.33,43.6,107.52,Pinus halepensis,Pinus halepensis,Pinus,Pinus,139.02,2.07,41.62,Vallès Occidental,Castellar del Vallès,309.02,663.1,8.2
P_04544,18.7,87.09,10.56,3.65,48.73,24.15,Esclerofil·le,Esclerofil·le,42.51,5.19,155.88,20.55,563.9,Quercus ilex,Quercus ilex,Quercus,Quercus,80.84,2.21,41.66,Vallès Oriental,Santa Eulàlia de Ronçana,316.85,700.5,7.9
